source,thread_or_provider,age,sex,start_lbs,current_lbs,note,age_band
reddit,tirzcompound-wellmedr,48,M,285,190,flair
reddit,tirzcompound-wellmedr,43,F,191,175,flair
reddit,tirzcompound-wellmedr,62,F,296,158,flair
reddit,tirzcompound-wellmedr,46,F,312,150,flair
reddit,tirzcompound-wellmedr,39,F,260,176.9,flair
reddit,glp1discussion-giving-up,66,,,,OP; needs to lose ~40 lbs
reddit,glp1discussion-giving-up,67,,,,commenter
reddit,glp1discussion-giving-up,65,,,,commenter
reddit,glp1discussion-giving-up,66,,,,commenter (same age as OP)
reddit,microdosing-15lbs,47,F,170,,OP; wants -15 lbs
reddit,microdosing-15lbs,48,,154.4,144,commenter
reddit,microdosing-15lbs,36,F,178,160,commenter
reddit,residency-cheapest,,,,,"resident physician (age not stated)"
reddit,glp1discussion-beginner,,F,,,"older woman (age not stated)"
trustpilot,embody,72,M,,,"I'm a 72 year old man"
trustpilot,embody,75,,,,"turned 75; provider age cap 74"
trustpilot,ro,,,,,"about to retire (age not stated)"
reddit,researchtalk-overwhelmed,,,,,early 30s,<40
reddit,researchtalk-overwhelmed,,,220,146,5'7"; Zepbound,
reddit,microdosing-15lbs,,,165,135,"mid-40s, 5'7""",40-49
reddit,tirzcompound-where-to-buy,43,F,175,147,flair,
reddit,tirzcompound-where-to-buy,51,F,240,160,flair,
reddit,tirzcompound-where-to-buy,62,F,270,,flair (CW typo),
reddit,tirzcompound-where-to-buy,73,,175,122,flair,
reddit,tirzcompound-where-to-buy,48,,357,205,flair,
reddit,tirzcompound-where-to-buy,36,F,320,246,flair,
reddit,tirzcompound-where-to-buy,39,F,174,135,flair,
reddit,tirzcompound-where-to-buy,32,F,227,200,flair,
reddit,tirzcompound-where-to-buy,42,F,276,233,flair,
reddit,tirzcompound-where-to-buy,69,F,199,131.5,flair,
reddit,tirzcompound-where-to-buy,55,F,220.6,150.6,flair,
reddit,tirzcompound-where-to-buy,59,M,332,175,flair,
reddit,tirzcompound-where-to-buy,38,M,295,226,flair,
reddit,tirzcompound-where-to-buy,41,M,221,165,flair,
reddit,tirzcompound-where-to-buy,45,F,288,233,flair,
reddit,tirzcompound-where-to-buy,61,F,194,160,flair,
