id,stars,source,themes
1,5,invited,HEARD
2,1,organic,BILL
3,5,invited,HEARD
4,1,organic,APPT|PREPAY|BILL|CS
5,5,invited,HEARD
6,5,invited,HEARD
7,5,invited,HEARD
8,1,organic,SHIP|CS|BILL
9,1,organic,SHIP|BILL|CS
10,5,invited,HEARD
11,1,organic,SHIP|BILL|CS|UPSELL
12,5,invited,HEARD
13,5,verified,NAMED
14,5,invited,HEARD|QUICK
15,5,invited,HEARD
16,5,invited,QUICK
17,1,organic,SHIP|BILL
18,1,organic,APPT|CS|BILL
19,2,organic,CS
20,5,invited,QUICK
21,5,invited,HEARD|NAMED
22,4,invited,HEARD
23,1,organic,SHIP|BILL
24,5,organic,NAMED
25,5,invited,QUICK
26,5,organic,NAMED
27,5,invited,HEARD
28,5,invited,EFF|DOSE
29,4,invited,SHIP|CS|PORTAL
30,5,invited,HEARD
31,1,organic,CS
32,2,organic,SHIP|APPT|NAMED
33,5,invited,QUICK
34,5,organic,NAMED
35,5,organic,PRICE
36,1,organic,SHIP|BILL
37,5,invited,HEARD
38,5,organic,HEARD
39,5,invited,HEARD
40,5,invited,QUICK
41,5,organic,NAMED
42,3,organic,SHIP|BILL
43,4,invited,HEARD
44,5,organic,NAMED
45,5,invited,HEARD
46,5,organic,NAMED
47,1,organic,SHIP|BILL|CS
48,5,invited,QUICK
49,5,organic,NAMED
50,5,verified,NAMED
51,5,organic,NAMED
52,5,organic,NAMED
53,5,invited,
54,5,invited,HEARD
55,5,organic,NAMED
56,5,organic,NAMED
57,5,verified,NAMED
58,3,organic,CS|NAMED|PORTAL
59,5,invited,NAMED
60,5,invited,
61,5,invited,CS
62,5,organic,HEARD
63,5,invited,HEARD
64,5,organic,NAMED
65,1,organic,CS|SHIP
66,5,invited,HEARD
67,5,invited,HEARD
68,5,invited,HEARD
69,5,invited,HEARD
70,1,organic,SHIP|BILL|CS
71,5,organic,
72,5,organic,NAMED
73,5,organic,NAMED
74,5,organic,HEARD
75,1,organic,SHIP
76,1,organic,SHIP|COLD|CS|EFF
77,5,invited,QUICK
78,3,organic,UPSELL|BILL|SHIP
79,5,invited,NAMED
80,5,organic,NAMED
81,5,organic,NAMED
82,5,organic,NAMED
83,5,invited,EFF
84,1,organic,SHIP|CS|DOSE
85,1,organic,DOSE|SHIP|PREPAY
86,1,organic,BILL|EFF|CS
87,5,organic,NAMED
88,1,organic,SHIP|BILL|UPSELL|SWITCH|RESULTS
89,5,invited,HEARD
90,5,invited,HEARD
91,5,invited,HEARD
92,5,invited,HEARD
93,1,organic,BILL|SE|APPT
94,5,invited,SHIP
95,5,invited,QUICK
96,1,organic,COLD|SHIP|APPT
97,1,organic,SHIP|CS|EFF|PRICE
98,5,invited,QUICK
99,5,invited,HEARD
100,5,invited,HEARD
101,1,organic,DOSE|SHIP|BILL|CS|SWITCH
102,5,invited,HEARD
103,1,verified,EFF|BILL
104,2,organic,SHIP
105,5,invited,HEARD
106,1,organic,BILL|SHIP|APPT
107,1,organic,SWITCH|DOSE
108,5,invited,NAMED
109,5,organic,NAMED
110,1,organic,SE|BILL|SHIP
111,2,organic,SHIP|COLD
112,5,invited,HEARD
113,5,invited,NAMED
114,5,invited,HEARD|QUICK
115,5,invited,HEARD
116,1,organic,SHIP|CS
117,5,organic,NAMED
118,5,invited,HEARD
119,5,invited,HEARD
120,1,organic,SHIP|CS
121,5,organic,NAMED|SWITCH
122,5,verified,NAMED
123,5,invited,HEARD
124,1,organic,SHIP|BILL
125,5,organic,NAMED
126,5,organic,RESULTS|QUICK
127,5,organic,NAMED
128,5,invited,HEARD
129,1,organic,SHIP|BILL|CS|SWITCH
130,5,organic,NAMED
131,5,verified,
132,5,organic,NAMED
133,5,organic,NAMED
134,5,verified,
135,5,invited,QUICK
136,3,organic,SHIP|CS|NAMED
137,5,verified,NAMED
138,1,organic,SHIP|DOSE
139,1,organic,SHIP|CS
140,1,organic,SHIP|BILL|UPSELL
141,5,organic,NAMED
142,5,invited,HEARD
143,5,invited,QUICK
144,5,verified,NAMED
145,5,organic,NAMED|RESULTS
146,5,invited,HEARD
147,1,organic,SHIP|CS|RESULTS
148,5,invited,HEARD
149,1,organic,SHIP|BILL|PRICE|SWITCH
150,5,invited,HEARD
151,1,organic,SHIP|CS
152,5,organic,NAMED
153,5,organic,NAMED
154,1,organic,PREPAY|BILL|APPT
155,5,invited,HEARD
156,1,organic,SE|APPT|CS
157,2,organic,SHIP|CS
158,5,organic,PRICE|SWITCH|NAMED|RESULTS
159,5,organic,NAMED
160,1,organic,EFF|BILL|PORTAL|CS
161,5,invited,QUICK
162,5,organic,HEARD
163,5,invited,QUICK
164,5,invited,HEARD
165,5,invited,QUICK
166,5,invited,QUICK
167,1,organic,SHIP|BILL|DOSE
168,3,invited,CS
169,1,organic,SHIP|BILL
170,1,organic,UPSELL|BILL
171,4,invited,HEARD
172,5,invited,HEARD
173,5,invited,HEARD
174,1,organic,SHIP|CS
175,1,organic,SHIP
176,5,invited,HEARD
177,1,organic,PREPAY|SHIP|CS|BILL
178,2,organic,DOSE|SHIP|APPT|SWITCH|EFF
179,1,organic,SE|DOSE|CS|BILL
180,5,invited,CS|SE
181,1,organic,COLD|CS
182,5,invited,HEARD
183,5,invited,QUICK
184,5,invited,QUICK
185,1,organic,SHIP|CS|PRICE
186,5,invited,HEARD
187,5,invited,HEARD
188,5,invited,QUICK
189,1,organic,SHIP|BILL
190,5,invited,HEARD
191,5,invited,HEARD
192,5,invited,HEARD
193,4,organic,BILL|RESULTS
194,5,invited,HEARD
195,1,organic,SHIP|BILL
196,1,organic,SHIP
197,1,organic,APPT|CS
198,1,organic,BILL|SE|SHIP
199,5,invited,HEARD
200,1,organic,BILL
