id,stars,source,sentiment,themes
s1,,verified,pos,CONSULT
s2,,verified,pos,CONSULT
s3,,verified,pos,CONSULT
s4,,verified,mixed,CONSULT
1,,verified,pos,
2,,verified,pos,RELIABLE
3,,verified,pos,CONSULT
4,,verified,pos,CONSULT
5,,verified,pos,CONSULT
6,,verified,pos,CONSULT
7,,verified,pos,CONSULT
8,,verified,pos,CONSULT
9,,verified,pos,CONSULT|SHIPFAST
10,,organic,pos,RESULTS|SHIPFAST|CSPOS
11,,verified,pos,CONSULT
12,,verified,neg,APPT|MEMB
13,,verified,pos,CONSULT
14,,verified,mixed,SE
15,,verified,pos,CONSULT|TOOSOON|SHIPFEAR
16,,verified,pos,CONSULT
17,,verified,pos,CONSULT
18,,organic,pos,CONSULT
19,,verified,pos,CONSULT
20,,organic,pos,CONSULT
21,,verified,neg,CONSULT
22,,verified,pos,RELIABLE
23,,verified,pos,CONSULT
24,,verified,pos,CONSULT
25,,verified,pos,CONSULT
26,,verified,pos,CONSULT
27,,verified,pos,CONSULT
28,,verified,pos,CONSULT
29,,verified,neg,COLD
30,,verified,pos,CONSULT
31,,verified,pos,CONSULT
32,,verified,pos,CONSULT
33,,verified,pos,CONSULT
34,,verified,pos,CONSULT
35,,verified,neg,APPT
36,,verified,pos,CONSULT|RESULTS|PRICEPOS
37,,verified,pos,CONSULT
38,,verified,pos,CONSULT
39,,verified,pos,CONSULT
40,,verified,pos,CONSULT
41,,verified,pos,CONSULT
42,,verified,mixed,CONSULT
43,,verified,pos,CONSULT
44,,verified,pos,CONSULT
45,,verified,pos,CONSULT
46,,verified,pos,CONSULT
47,,verified,pos,CONSULT
48,,verified,neg,BILL|MEMB
49,,verified,pos,CONSULT
50,,verified,pos,CONSULT
51,,verified,pos,CONSULT
52,,organic,pos,CONSULT
53,,verified,pos,CONSULT
54,,verified,pos,CONSULT
55,,verified,pos,CONSULT
56,,verified,pos,CONSULT
57,,verified,neg,BILL|CS
58,,verified,neg,PROVCHANGE
59,,verified,pos,RELIABLE
60,,verified,pos,CONSULT
61,,verified,pos,CONSULT
62,,verified,pos,CONSULT
63,,verified,pos,PRICEPOS
64,,verified,pos,CONSULT
65,,verified,pos,CONSULT|QUICK|TOOSOON
66,,verified,pos,CONSULT|QUICK
67,,verified,mixed,MEMB
68,,verified,pos,CONSULT
69,,verified,neg,MEMB
70,,verified,pos,CONSULT
71,,verified,pos,CONSULT
72,,verified,pos,CONSULT
73,,verified,pos,RELIABLE|CSPOS
74,,verified,neg,APPT
75,,verified,pos,CONSULT
76,,verified,mixed,APPT
77,,verified,neg,APPT
78,,verified,pos,CONSULT
79,,verified,pos,CONSULT
80,,verified,pos,RELIABLE|SHIPFAST
