provider,stage,evidence
embody,new,"I have never done this before with a GLP-1"
embody,new,"gave me more confidence to start"
embody,new,"excited to start my weight loss journey"
embody,new,"Can't wait to start my journey"
embody,new,"assured me that I am not starting my journey alone"
embody,new,"I'm request my first bottle… so excited"
embody,new,"I'm excited for my journey"
embody,new,"makes you feel confident in this journey"
embody,switch,"I switched from Lily direct because the cost was prohibitive"
embody,switch,"DON'T Switch from another company to them… will NOT honor… dose"
embody,switch,"pay less than what I have been paying with the other brand"
embody,switch,"The last company I worked with was never this professional"
embody,switch,"I had been on 15 mg with previous supplier"
embody,switch,"reached my goal weight on 10mg Tirzepatide with another company"
embody,switch,"Before this I was prescribed by my doctor"
ro,new,"on the fence about a glp1… finally take the plunge"
ro,new,"I finally gave in and decided to get some help"
ro,new,"excited to start this journey… carried an extra 15-20 lbs"
ro,new,"excited about my decision to trust Ro"
ro,new,"Looking forward to my first dose of Wegovy"
ro,new,"I am just getting started with Ro"
ro,new,"help to get started on my journey"
ro,switch,"an increase from what I am been on from my dr's samples"
ro,switch,"The price is the same that i pay for at Eli Lilly, except for the membership"
ro,switch,"My DR had tried to set me up with Eli Lilly direct"
ro,switch,"the other company was $79 (semaglutide)"
ro,switch,"I've used other providers (Her)… switched to Ro because of seemingly better pricing"
ro,switch,"tried to get a GLP-1 through my regular primary care doctor"
trimrx,new,"I was nervous about using a compounded medication and giving myself the injection"
trimrx,new,"I took my first shot yesterday"
trimrx,new,"Easy start. Too early to judge"
trimrx,new,"I am still at the beginning"
trimrx,switch,"I switched after an order I placed with Mochi"
trimrx,switch,"My last provider charged about twice as much"
trimrx,switch,"Changing providers went smoothly"
trimrx,switch,"I had already been taking this medication for years"
trimrx,switch,"The old provider I used stopped answering"
trimrx,switch,"I submitted the information from my current prescription"
trimrx,switch,"does not feel as strong to me as Wegovy did"
trimrx,switch,"I came back to Trimrx"
trimrx,long,"Six months in, I am down 24 pounds"
trimrx,long,"More than 30 pounds have come off since I started"
trimrx,long,"A few months with the GLP-1"
trimrx,long,"I prepaid for a year… received two of four shipments"
trimrx,long,"I ordered and paid for 6 months. I received the 1st half"
trimrx,long,"began using their Tirzepatide for the next 3 months"
mochi,new,"I was really nervous about doing this journey online"
mochi,new,"I was a little nervous… excited starts journey"
mochi,new,"awaiting the arrival of my new GLP meds"
mochi,new,"My first visit… praying that my delivery… is as smooth"
mochi,new,"So far, my experience has been great! It was easy to sign up"
mochi,switch,"I an excited to move my business to Mochi"
mochi,long,"great experience on Mochi for the last year. I'm down 36 pounds"
mochi,long,"I have been with them for two years now"
mochi,long,"I went from weighing 302 to 249"
mochi,long,"get out of my plateau… my very slow progress"
wellmedr,new,"My recent order is my first time using a weight loss drug"
wellmedr,new,"I was extremely hesitant to order my medications online"
wellmedr,new,"They were the company that I chose when I didn't know who to use"
wellmedr,new,"I am very excited to begin this journey"
wellmedr,new,"I'm only three weeks in"
wellmedr,new,"I feel a lot more confident in starting my shots"
wellmedr,new,"can't wait to start this journey"
wellmedr,switch,"I had titrated up with another company, then returned to Wellmedr"
wellmedr,switch,"Being on Zepbound prior to this"
wellmedr,long,"I've been with Wellmedr since 5/26"
wellmedr,long,"im just 5 lbs away from my goal weight"
wellmedr,long,"I lost 25 pounds"
wellmedr,long,"I lost 20lbs"
skinnyrx,new,"I was skeptical at first. She walked me through everything"
skinnyrx,new,"I was really neutral regarding if I wanted to try this… I signed up"
skinnyrx,new,"so that this didn't end up being a nice idea I didn't act upon"
skinnyrx,new,"I'm excited to do RX"
skinnyrx,switch,"going back to ivim health price is higher… but they medication really works"
skinnyrx,switch,"I had success with another provider in the past"
skinnyrx,long,"I started in October 2025, and lost about 65 pounds"
skinnyrx,long,"Getting medication was easy for the last year"
skinnyrx,long,"Skinny Rx for the last two years"
skinnyrx,long,"Took these meds for almost a year"
skinnyrx,long,"I pre-paid $3,588… first two 4-month shipments"
skinnyrx,long,"I had a great experience with every part of Skinny RX… When I was ready to cancel"
