thread,choice,note
researchtalk-pick-one,tirzepatide,reta heart-rate concerns
researchtalk-pick-one,tirzepatide,
researchtalk-pick-one,tirzepatide,appetite control and data
researchtalk-pick-one,retatrutide,
researchtalk-pick-one,tirzepatide,
researchtalk-pick-one,tirzepatide,only ever used tirz
researchtalk-pick-one,retatrutide,stalled on tirz; reta raised BMR
researchtalk-pick-one,tirzepatide+cagrilintide,
researchtalk-pick-one,tirzepatide+cagrilintide,agree
researchtalk-pick-one,tirzepatide,back from reta; skin issues
researchtalk-pick-one,tirzepatide,maintaining
researchtalk-pick-one,tirzepatide,16 lbs in 4.5 weeks
researchtalk-pick-one,tirzepatide,tried sema tirz reta
researchtalk-pick-one,tirzepatide,gained 25 on reta
researchtalk-pick-one,retatrutide,
researchtalk-pick-one,tirzepatide,
researchtalk-pick-one,tirzepatide,
researchtalk-pick-one,semaglutide,
researchtalk-pick-one,tirzepatide,reta made me feel like hell
researchtalk-pick-one,tirzepatide,
researchtalk-pick-one,tirzepatide,
researchtalk-pick-one,tirzepatide,
researchtalk-pick-one,tirzepatide,Zepbound for life
researchtalk-pick-one,retatrutide,reta is king
researchtalk-pick-one,tirzepatide,
researchtalk-pick-one,semaglutide,40 lbs
researchtalk-pick-one,tirzepatide,switched from sema
researchtalk-pick-one,tirzepatide,over sema; won't take gray reta
glp1discussion-cheaper-option,tirzepatide,"switch to Tirz and never look back"
antidiet-pill-vs-zep,tirzepatide,chose Zepbound over Wegovy for side effects
antidiet-pill-vs-zep,tirzepatide,compounded tirz over pill
researchtalk-overwhelmed,tirzepatide,"least drama"
researchtalk-overwhelmed,semaglutide,start with sema then move up
researchtalk-overwhelmed,semaglutide,Wegovy pill (needle-averse)
researchtalk-overwhelmed,tirzepatide,Pomegranate tirz much better than sema
researchtalk-overwhelmed,tirzepatide,compounded tirz couple
researchtalk-overwhelmed,tirzepatide,Zepbound life-changing
researchtalk-overwhelmed,retatrutide,switched from Zepbound (muscle loss)
researchtalk-overwhelmed,retatrutide,"Reta is king. Go gray"
